{
  "hash": "daef2ff5",
  "configHash": "caa8e11a",
  "lockfileHash": "3bcb904f",
  "browserHash": "de3e9343",
  "optimized": {
    "@angular/common": {
      "src": "../../../../../../node_modules/@angular/common/fesm2022/common.mjs",
      "file": "@angular_common.js",
      "fileHash": "37aa4176",
      "needsInterop": false
    },
    "@angular/core": {
      "src": "../../../../../../node_modules/@angular/core/fesm2022/core.mjs",
      "file": "@angular_core.js",
      "fileHash": "a469de57",
      "needsInterop": false
    },
    "@angular/platform-browser": {
      "src": "../../../../../../node_modules/@angular/platform-browser/fesm2022/platform-browser.mjs",
      "file": "@angular_platform-browser.js",
      "fileHash": "e1d96164",
      "needsInterop": false
    },
    "@angular/router": {
      "src": "../../../../../../node_modules/@angular/router/fesm2022/router.mjs",
      "file": "@angular_router.js",
      "fileHash": "f69f3d7e",
      "needsInterop": false
    }
  },
  "chunks": {
    "chunk-PWPJSDCB": {
      "file": "chunk-PWPJSDCB.js"
    },
    "chunk-L2PMZNNI": {
      "file": "chunk-L2PMZNNI.js"
    },
    "chunk-76OAE7CP": {
      "file": "chunk-76OAE7CP.js"
    }
  }
}